,precision,recall,f1-score,support
0,0.9592413236481033,0.9462579617834395,0.9527054108216433,2512.0
1,0.9419404125286478,0.9535962877030162,0.9477325134511914,2586.0
2,0.9692123150739704,0.9699879951980792,0.9696,2499.0
accuracy,0.9565618007108069,0.9565618007108069,0.9565618007108069,0.9565618007108069
macro avg,0.9567980170835738,0.9566140815615117,0.9566793080909449,7597.0
weighted avg,0.9566320504374057,0.9565618007108069,0.9565700502525666,7597.0
